{
  "ie": {
    "6": 0,
    "7": 0.0012942577314250484,
    "8": 0.0012354278345420916,
    "9": 0.00011765979376591349,
    "10": 0.0017060670096057456,
    "11": 0.4166333297250997,
    "5.5": 0
  },
  "edge": {
    "12": 0.00035297938129774046,
    "13": 0.0008824484532443511,
    "14": 0.0029414948441478374,
    "15": 0.009177463913741251,
    "16": 0.017413649477355197,
    "17": 0.04888764430973705,
    "18": 0.4331057008523275,
    "79": 0,
    "80": 0.006647778347774112,
    "81": 0.012177788654772046,
    "83": 0.010883530923346998,
    "84": 0.18025480404937946,
    "85": 1.3458515509914015,
    "86": 0.9962254738159895,
    "87": 1.6608268189027517,
    "88": 0.8710354532490576
  },
  "firefox": {
    "2": 0,
    "3": 0,
    "4": 0.00011765979376591349,
    "5": 0,
    "6": 0,
    "7": 0,
    "8": 0,
    "9": 0,
    "10": 0,
    "11": 0,
    "12": 0,
    "13": 0,
    "14": 0,
    "15": 0,
    "16": 0,
    "17": 0,
    "18": 0,
    "19": 0,
    "20": 0,
    "21": 0,
    "22": 0,
    "23": 0,
    "24": 0.00011765979376591349,
    "25": 0,
    "26": 0,
    "27": 0,
    "28": 0,
    "29": 0,
    "30": 0,
    "31": 0.00011765979376591349,
    "32": 0,
    "33": 0,
    "34": 0.00011765979376591349,
    "35": 0,
    "36": 0,
    "37": 0.00011765979376591349,
    "38": 0,
    "39": 0,
    "40": 0.0009412783501273079,
    "41": 0,
    "42": 0.00023531958753182698,
    "43": 0.0011177680407761781,
    "44": 0,
    "45": 0.00011765979376591349,
    "46": 0,
    "47": 0.00047063917506365397,
    "48": 0.01676652061164267,
    "49": 0,
    "50": 0,
    "51": 0.00011765979376591349,
    "52": 0.015295773189568753,
    "53": 0,
    "54": 0,
    "55": 0.00023531958753182698,
    "56": 0.0036474536067433185,
    "57": 0.0014119175251909618,
    "58": 0.03994549998352763,
    "59": 0.0007059587625954809,
    "60": 0.012707257726718657,
    "61": 0.0010589381438932215,
    "62": 0.0007059587625954809,
    "63": 0.003706283503626275,
    "64": 0.0009412783501273079,
    "65": 0.0019413865971375725,
    "66": 0.007059587625954809,
    "67": 0.002059046390903486,
    "68": 0.06165373193333867,
    "69": 0.0028238350503819237,
    "70": 0.004118092781806972,
    "71": 0.0027061752566160105,
    "72": 0.00758905669790142,
    "73": 0.006647778347774112,
    "74": 0.003000324741030794,
    "75": 0.0013530876283080052,
    "76": 0.007471396904135507,
    "77": 0.020178654630854165,
    "78": 0.16531201024110845,
    "79": 0.12971992262691961,
    "80": 0.3558032163481224,
    "81": 0.8072638450279325,
    "82": 0.29844406688723957,
    "83": 0.519644479167157,
    "84": 0.4934063451573582,
    "85": 0.2724412524649727,
    "86": 0.006177139172710459,
    "87": 0,
    "3.5": 0,
    "3.6": 0.00035297938129774046
  },
  "chrome": {
    "4": 0,
    "5": 0,
    "6": 0,
    "7": 0,
    "8": 0,
    "9": 0,
    "10": 0,
    "11": 0,
    "12": 0,
    "13": 0,
    "14": 0,
    "15": 0,
    "16": 0.00011765979376591349,
    "17": 0.00011765979376591349,
    "18": 0,
    "19": 0,
    "20": 0,
    "21": 0,
    "22": 0,
    "23": 0,
    "24": 0,
    "25": 0,
    "26": 0,
    "27": 0,
    "28": 0,
    "29": 0,
    "30": 0,
    "31": 0.00035297938129774046,
    "32": 0,
    "33": 0.0007059587625954809,
    "34": 0.00023531958753182698,
    "35": 0,
    "36": 0,
    "37": 0.00011765979376591349,
    "38": 0.00035297938129774046,
    "39": 0,
    "40": 0,
    "41": 0.0015884072158398321,
    "42": 0.002588515462850097,
    "43": 0.00011765979376591349,
    "44": 0,
    "45": 0,
    "46": 0.0011177680407761781,
    "47": 0.00047063917506365397,
    "48": 0.0012354278345420916,
    "49": 0.03865124225210258,
    "50": 0.002470855669084183,
    "51": 0.0007059587625954809,
    "52": 0.00023531958753182698,
    "53": 0.0018237268033716593,
    "54": 0.00023531958753182698,
    "55": 0.001176597937659135,
    "56": 0.0007059587625954809,
    "57": 0.003000324741030794,
    "58": 0.0015295773189568755,
    "59": 0.0005882989688295675,
    "60": 0.0012942577314250484,
    "61": 0.2503800411338639,
    "62": 0.003353304122328534,
    "63": 0.0037651134005092317,
    "64": 0.025943984525383924,
    "65": 0.025355685556554354,
    "66": 0.0028238350503819237,
    "67": 0.14242718035363827,
    "68": 0.004353412369338799,
    "69": 0.008942144326209425,
    "70": 0.021590572156045124,
    "71": 0.017766628858652937,
    "72": 0.029473778338361328,
    "73": 0.011236510304644738,
    "74": 0.0209434432903326,
    "75": 0.02423791751577818,
    "76": 0.05571191234816004,
    "77": 0.0946573040846774,
    "78": 0.03523910823289109,
    "79": 0.09595156181610245,
    "80": 0.16231168550007766,
    "81": 0.0871859071805419,
    "83": 0.2166705102199297,
    "84": 1.2357808139233892,
    "85": 4.668564126940798,
    "86": 6.032652945965916,
    "87": 6.735199574542186,
    "88": 2.8318947462548887,
    "89": 0.005412350513232021,
    "90": 0.0018237268033716593,
    "91": 0
  },
  "safari": {
    "4": 0,
    "5": 0,
    "6": 0.002470855669084183,
    "7": 0,
    "8": 0.00023531958753182698,
    "9": 0.0010589381438932215,
    "10": 0.0028826649472648803,
    "11": 0.01423683504567553,
    "12": 0.03606272678925248,
    "13": 0.2552040926782663,
    "14": 3.792057493281626,
    "3.1": 0,
    "3.2": 0,
    "5.1": 0.00035297938129774046,
    "6.1": 0,
    "7.1": 0,
    "9.1": 0.0005882989688295675,
    "10.1": 0.022825999990587216,
    "11.1": 0.1779016081740612,
    "12.1": 0.23814342258220889,
    "13.1": 2.3984360660212634,
    "TP": 0
  },
  "opera": {
    "9": 0,
    "11": 0,
    "12": 0,
    "15": 0,
    "16": 0,
    "17": 0,
    "18": 0,
    "19": 0,
    "20": 0,
    "21": 0,
    "22": 0,
    "23": 0,
    "24": 0,
    "25": 0.00011765979376591349,
    "26": 0,
    "27": 0,
    "28": 0,
    "29": 0,
    "30": 0,
    "31": 0,
    "32": 0.00011765979376591349,
    "33": 0,
    "34": 0,
    "35": 0,
    "36": 0.00035297938129774046,
    "37": 0.00011765979376591349,
    "38": 0,
    "39": 0,
    "40": 0,
    "41": 0,
    "42": 0,
    "43": 0,
    "44": 0,
    "45": 0,
    "46": 0,
    "47": 0,
    "48": 0,
    "49": 0,
    "50": 0,
    "51": 0,
    "52": 0.00011765979376591349,
    "53": 0,
    "54": 0,
    "55": 0,
    "56": 0,
    "57": 0.00023531958753182698,
    "58": 0,
    "60": 0.0015884072158398321,
    "62": 0,
    "63": 0.0005882989688295675,
    "64": 0,
    "65": 0,
    "66": 0,
    "67": 0.00011765979376591349,
    "68": 0.0012942577314250484,
    "69": 0.004529902059987669,
    "70": 0.031003355657318207,
    "71": 0.027002922669277146,
    "72": 0.038592412355219624,
    "9.5-9.6": 0,
    "10.0-10.1": 0,
    "10.5": 0,
    "10.6": 0,
    "11.1": 0,
    "11.5": 0,
    "11.6": 0,
    "12.1": 0
  },
  "ios_saf": {
    "8": 0.005647670100763847,
    "3.2": 0.00035297938129774046,
    "4.0-4.1": 0,
    "4.2-4.3": 0,
    "5.0-5.1": 0.00011765979376591349,
    "6.0-6.1": 0.00035297938129774046,
    "7.0-7.1": 0.0005882989688295675,
    "8.1-8.4": 0.001176597937659135,
    "9.0-9.2": 0.003882773194275145,
    "9.3": 0.14536867519778612,
    "10.0-10.2": 0.012707257726718657,
    "10.3": 0.42975239672999904,
    "11.0-11.2": 0.050240731938045055,
    "11.3-11.4": 0.0855386700678191,
    "12.0-12.1": 0.12360161335109213,
    "12.2-12.4": 2.4692084319714604,
    "13.0-13.1": 0.11142382469632008,
    "13.2": 0.057770958739063516,
    "13.3": 0.4727570513514404,
    "13.4-13.7": 7.990335424540068,
    "14.0-14.4": 15.031509292770512
  },
  "op_mini": {
    "all": 0.002588515462850097
  },
  "android": {
    "3": 0,
    "4": 0.00047063917506365397,
    "81": 13.185191808995796,
    "2.1": 0,
    "2.2": 0.00011765979376591349,
    "2.3": 0,
    "4.1": 0.002059046390903486,
    "4.2-4.3": 0.0028238350503819237,
    "4.4": 0.010765871129581085,
    "4.4.3-4.4.4": 0
  },
  "bb": {
    "7": 0,
    "10": 0
  },
  "op_mob": {
    "10": 0.011412999995293608,
    "11": 0.011412999995293608,
    "12": 0.011412999995293608,
    "59": 0.011412999995293608,
    "11.1": 0.011412999995293608,