{
  "ie": {
    "6": 0,
    "7": 0.0009758810986469408,
    "8": 0.0035782306950387834,
    "9": 0.007319108239852057,
    "10": 0.04928199548167051,
    "11": 3.3197848507471184,
    "5.5": 0
  },
  "edge": {
    "12": 0.0024397027466173523,
    "13": 0.005204699192783685,
    "14": 0.0544866946744542,
    "15": 0.11922014088470129,
    "16": 0.2098144362090923,
    "17": 3.1361565573517187,
    "18": 1.6721722625315332,
    "76": 0
  },
  "firefox": {
    "2": 0,
    "3": 0,
    "4": 0.0003252936995489803,
    "5": 0,
    "6": 0,
    "7": 0,
    "8": 0,
    "9": 0,
    "10": 0,
    "11": 0,
    "12": 0.0011385279484214309,
    "13": 0,
    "14": 0,
    "15": 0,
    "16": 0,
    "17": 0,
    "18": 0,
    "19": 0,
    "20": 0,
    "21": 0,
    "22": 0,
    "23": 0,
    "24": 0,
    "25": 0,
    "26": 0,
    "27": 0,
    "28": 0,
    "29": 0,
    "30": 0,
    "31": 0.0009758810986469408,
    "32": 0,
    "33": 0.0004879405493234704,
    "34": 0,
    "35": 0,
    "36": 0.00016264684977449016,
    "37": 0,
    "38": 0.003415583845264293,
    "39": 0.0003252936995489803,
    "40": 0.0003252936995489803,
    "41": 0,
    "42": 0.0006505873990979606,
    "43": 0.0016264684977449013,
    "44": 0,
    "45": 0.008457636188273488,
    "46": 0.00016264684977449016,
    "47": 0.0016264684977449013,
    "48": 0.0544866946744542,
    "49": 0.00016264684977449016,
    "50": 0.0006505873990979606,
    "51": 0.0013011747981959212,
    "52": 0.11450338224124107,
    "53": 0.005204699192783685,
    "54": 0.0019517621972938817,
    "55": 0.003090290145715313,
    "56": 0.011710573183763291,
    "57": 0.015776744428125544,
    "58": 0.0019517621972938817,
    "59": 0.004066171244362254,
    "60": 0.21388060745345452,
    "61": 0.013337041681508191,
    "62": 0.015939391277900034,
    "63": 0.029113786109633735,
    "64": 0.02781261131143781,
    "65": 0.028625845560310267,
    "66": 0.7276820058910689,
    "67": 1.198869929687767,
    "68": 1.4210455264797204,
    "69": 0.35587130730658445,
    "70": 0.1023048685081543,
    "3.5": 0,
    "3.6": 0.00016264684977449016
  },
  "chrome": {
    "4": 0,
    "5": 0,
    "6": 0,
    "7": 0,
    "8": 0,
    "9": 0,
    "10": 0,
    "11": 0.00016264684977449016,
    "12": 0,
    "13": 0,
    "14": 0,
    "15": 0,
    "16": 0,
    "17": 0,
    "18": 0,
    "19": 0,
    "20": 0.0011385279484214309,
    "21": 0,
    "22": 0.00016264684977449016,
    "23": 0,
    "24": 0,
    "25": 0,
    "26": 0.00016264684977449016,
    "27": 0,
    "28": 0,
    "29": 0,
    "30": 0,
    "31": 0.00016264684977449016,
    "32": 0,
    "33": 0.00016264684977449016,
    "34": 0.00016264684977449016,
    "35": 0,
    "36": 0.0006505873990979606,
    "37": 0.00016264684977449016,
    "38": 0.003740877544813273,
    "39": 0.00016264684977449016,
    "40": 0.005204699192783685,
    "41": 0.028137905010986796,
    "42": 0.0009758810986469408,
    "43": 0,
    "44": 0.0039035243945877633,
    "45": 0.0011385279484214309,
    "46": 0.0003252936995489803,
    "47": 0.0022770558968428617,
    "48": 0.0013011747981959212,
    "49": 0.123774252678387,
    "50": 0.0017891153475193917,
    "51": 0.0024397027466173523,
    "52": 0.0003252936995489803,
    "53": 0.003090290145715313,
    "54": 0.5437284187961205,
    "55": 0.008945576737596958,
    "56": 0.01349968853128268,
    "57": 0.4653326372048163,
    "58": 0.011710573183763291,
    "59": 0.007319108239852057,
    "60": 0.011059985784665329,
    "61": 0.01203586688331227,
    "62": 0.011059985784665329,
    "63": 0.025535555414594954,
    "64": 0.018216447174742894,
    "65": 0.056926397421071556,
    "66": 0.0478181738337001,
    "67": 0.09710016931537062,
    "68": 0.020493503071585758,
    "69": 0.04391464943911234,
    "70": 0.07058873280212873,
    "71": 0.10279280905747777,
    "72": 0.2595843722400863,
    "73": 1.710556919078313,
    "74": 10.615959884780972,
    "75": 10.127531394908178,
    "76": 5.254794422514228,
    "77": 0.014475569629929623,
    "78": 0.0032529369954898027
  },
  "safari": {
    "4": 0,
    "5": 0.00016264684977449016,
    "6": 0.0014638216479704114,
    "7": 0.00016264684977449016,
    "8": 0.0032529369954898027,
    "9": 0.014312922780155134,
    "10": 0.03708348174858375,
    "11": 0.20883855511044536,
    "12": 0.59333570797734,
    "13": 0.009108223587371447,
    "3.1": 0,
    "3.2": 0,
    "5.1": 0.0014638216479704114,
    "6.1": 0.0006505873990979606,
    "7.1": 0,
    "9.1": 0.018867034573840858,
    "10.1": 0.23177176092864846,
    "11.1": 0.4602905848618071,
    "12.1": 3.2086970523511416,
    "TP": 0
  },
  "opera": {
    "9": 0,
    "11": 0,
    "12": 0,
    "15": 0,
    "16": 0,
    "17": 0,
    "18": 0,
    "19": 0,
    "20": 0,
    "21": 0,
    "22": 0,
    "23": 0,
    "24": 0,
    "25": 0,
    "26": 0,
    "27": 0,
    "28": 0,
    "29": 0,
    "30": 0,
    "31": 0,
    "32": 0,
    "33": 0,
    "34": 0.0004879405493234704,
    "35": 0,
    "36": 0.0009758810986469408,
    "37": 0,
    "38": 0,
    "39": 0,
    "40": 0.0004879405493234704,
    "41": 0,
    "42": 0,
    "43": 0,
    "44": 0,
    "45": 0,
    "46": 0.00016264684977449016,
    "47": 0,
    "48": 0,
    "49": 0,
    "50": 0,
    "51": 0,
    "52": 0.0003252936995489803,
    "53": 0.0009758810986469408,
    "54": 0,
    "55": 0,
    "56": 0.00016264684977449016,
    "57": 0.0008132342488724507,
    "58": 0.04993258288076847,
    "60": 0.10149163425928186,
    "62": 0.10946132989823186,
    "9.5-9.6": 0,
    "10.0-10.1": 0,
    "10.5": 0,
    "10.6": 0,
    "11.1": 0,
    "11.5": 0,
    "11.6": 0,
    "12.1": 0
  },
  "ios_saf": {
    "8": 0.0016264684977449013,
    "13": 0.0429387683404654,
    "3.2": 0.0003252936995489803,
    "4.0-4.1": 0.0004879405493234704,
    "4.2-4.3": 0.00016264684977449016,
    "5.0-5.1": 0.005042052343009194,
    "6.0-6.1": 0.0024397027466173523,
    "7.0-7.1": 0.024884968015496993,
    "8.1-8.4": 0.016915272376546976,
    "9.0-9.2": 0.007481755089626546,
    "9.3": 0.11271426689372166,
    "10.0-10.2": 0.1304427735191411,
    "10.3": 0.8262459968544099,
    "11.0-11.2": 0.3830333312189243,
    "11.3-11.4": 0.856498310912465,
    "12.0-12.1": 2.2523335756771394,
    "12.2-12.3": 17.440459054468803
  },
  "op_mini": {
    "all": 0.0022770558968428617
  },
  "android": {
    "3": 0.0006505873990979606,
    "4": 0.0008132342488724507,
    "67": 6.52848190309826,
    "2.1": 0.0004879405493234704,
    "2.2": 0,
    "2.3": 0.0006505873990979606,
    "4.1": 0.005204699192783685,
    "4.2-4.3": 0.01187322003353778,
    "4.4": 0.007156461390077567,
    "4.4.3-4.4.4": 0
  },
  "bb": {
    "7": 0,
    "10": 0.0026023495963918425
  },
  "op_mob": {
    "10": 0.007807048789175527,
    "11": 0.007807048789175527,
    "12": 0.007807048789175527,
    "46": 0.007807048789175527,
    "11.1": 0.007807048789175527,
    "11.5": 0.007807048789175527,
    "12.1": 0.007807048789175527
  },
  "and_chr": {
    "75": 13.625577193008137
  },
  "and_ff": {
    "67": 0.41084594253036216
  },
  "ie_mob": {
    "10": 0,
    "11": 0
  },
  "and_uc": {
    "12.12": 0.007807048789175527
  },
  "samsung": {
    "4": 0,
    "5.0-5.4": 0,
    "6.2-6.4": 0,
    "7.2-7.4": 0,
    "8.2": 0,
    "9.2": 0
  },
  "and_qq": {
    "1.2": 0
  },
  "baidu": {
    "7.12": 0
  },
  "kaios": {
    "2.5": 0
  }
}